day,sentiment_mean,sentiment_std,subjectivity_mean,subjectivity_std,counting
2025-09-29,-1.194496902598797,1.0,-1.0588558576210967,1.0,1.0
2025-10-04,-0.39983684498147287,0.14992541793872957,-0.4853411196927325,1.237505487026975,2.0
2025-10-05,0.03733333333333334,1.0,0.476,1.0,1.0
2025-10-06,0.3928756172730884,1.0,1.1148383534880517,1.0,1.0
2025-10-07,-0.8003475499437259,0.11151057752048638,-0.804502820285384,0.1937247783170072,3.0
2025-10-09,-0.16787640542539872,0.7072956403911993,-0.5146780539381343,0.2269017745864695,4.0
2025-10-12,-0.7071067811865476,1.0,0.7071067811865476,1.0,1.0
2025-10-13,-0.6300879666920257,1.0,0.7439685396271535,1.0,1.0
2025-10-14,0.5735056968922991,2.02062888033005,0.19067479323555397,1.4262922713502562,2.0
2025-10-15,-0.15740541542451686,1.7833152235910428,-0.31941136430739553,0.6853057169883624,6.0
2025-10-16,0.10371664462588827,0.454446151186988,-0.21716964519933843,0.9122284489123234,9.0
2025-10-17,0.4288737419313377,0.9805573405095047,-0.4126269423386023,0.5510539210077643,7.0
2025-10-18,0.5071605074181078,1.6086498279791606,-0.23724719109972256,0.5611222482274897,3.0
2025-10-19,0.7426347722911038,0.6017837962051583,0.8497454080900487,1.275152488093057,4.0
2025-10-20,0.15278572061609452,0.9725457425373871,-0.2031544536066293,1.248229490325014,7.0
2025-10-21,0.8099336106344348,0.8336947126823389,0.30097630095767414,0.5074794903097368,9.0
2025-10-22,-0.40933979954577504,0.8784536395961416,-1.2391441011797157,0.3152770026105252,4.0
2025-10-23,0.13680676314609727,1.1899498172287528,0.2863997410115681,1.0262379279964111,6.0
2025-10-24,0.25660084444407855,0.6563453228283885,0.21860664231995722,0.6849766879931674,6.0
2025-10-25,0.9300293121347076,1.2188294461901632,0.3786272775200574,1.1331634007093994,2.0
2025-10-26,-0.00040558941156395206,0.9082115182743391,0.5276858022830078,1.9368082363261279,3.0
2025-10-27,-0.3491794738770918,0.6572024082946459,0.17124447689779773,0.567779446562727,9.0
2025-10-28,-0.2847674320417788,0.886461789253017,-0.08517723289006396,0.9420027980684629,21.0
2025-10-29,0.2759107875648952,0.7662169735891357,0.25760278224250643,1.025065316633722,11.0
2025-10-30,-0.00781336289793254,1.3102662726718428,0.2961524863059713,0.8841159763798971,9.0
2025-10-31,-0.268045533475804,0.8580863673498237,-0.7423773046111329,1.2138679802127992,7.0
2025-11-01,-0.1116891666123,0.6389817262771311,0.23314170874241288,0.293134042862213,6.0
2025-11-02,-0.5375443878331675,0.7885278155532596,-0.5370856354000411,0.9845219762489049,4.0
2025-11-03,0.15325630895004447,0.8216329555106541,0.6784072878268358,0.3662740173075899,8.0
2025-11-04,0.11003966800734821,1.1432832915747626,-0.17360596360381034,0.9852731356448619,5.0
2025-11-05,0.09385453294037631,0.8184283770607625,0.15890606197850374,1.0441326532391817,9.0
2025-11-06,-0.17793923787145005,1.2516440834761369,-0.46939338942915826,0.33617750258102064,2.0
2025-11-07,-0.018662700871230623,0.7755018077738807,-0.20932537510122967,0.8812464038982644,11.0
2025-11-08,-0.018826620027526553,0.973375138623427,-0.0666253713345289,1.0942225037394344,2.0
2025-11-09,0.030906443221650013,0.8208133724028972,-0.5303573047441653,0.8038795278252803,4.0
2025-11-10,0.10845274379996801,0.3074343171658502,-0.012389966421365617,0.6035726619633306,5.0
2025-11-11,-0.04752162239728139,0.5790258807354727,0.316076136313936,0.9049879246557897,3.0
2025-11-12,0.1105218645705724,0.9136896657955766,0.07319305183229115,0.8264955065551806,6.0
2025-11-13,-0.037307645500466655,0.4138910205303976,0.40395048763385355,0.23855463224284382,4.0
2025-11-14,0.0447972240458422,0.3172104935387088,-0.42637213740447555,0.38311292559613114,4.0
2025-11-15,-0.6414454816264366,1.0551028667940885,0.25726273881249645,0.7608953097204516,4.0
2025-11-16,0.8876156257502672,1.0,2.0052934759923216,1.0,1.0
2025-11-17,-1.0998988874848308,0.8502689069470465,-0.10017349073875609,0.7720598122584464,8.0
2025-11-18,-0.4958391069238874,0.6780736385940462,0.25449417786806283,0.658428015004733,8.0
2025-11-19,0.3183133711781385,1.0093664074453497,-0.5443741904247652,0.5601636415134195,5.0
2025-11-20,-0.8684083699131648,0.4751079056053868,-0.04256311594187757,0.09793956904916297,2.0
2025-11-21,-0.3490649164955875,0.3147855956190154,-0.658073360592354,1.747609346470644,3.0
2025-11-22,0.7297940587411426,1.3033783797198613,0.8610887325389692,0.37118710975992375,3.0
2025-11-23,-0.3569568130565632,1.0676588745936786,-0.21445148128676575,0.8985690269147044,7.0
2025-11-24,-0.012241719813655955,0.3796717729138367,-0.7337297158568306,1.213968474511641,6.0
2025-11-25,-0.20920786671287572,0.7668872587657672,0.492595665761233,0.7939211013629521,4.0
2025-11-26,0.43637788640930847,0.9770359074390116,0.417135835540933,0.41892913808143023,3.0
2025-11-27,-0.10155954912114837,1.527470047712966,0.20904415441020419,1.6934228303111494,5.0
2025-11-28,-0.005970901663936224,0.7978929471318807,-0.0498034090953639,0.5067542117372299,9.0
2025-11-29,0.5210361411102197,1.1047179773296205,-0.1698432242601535,1.4809532427253098,3.0
2025-11-30,-0.459241981232953,0.6441214786836765,0.005214979014794757,0.9364279594436216,5.0
2025-12-01,0.22502449645615497,0.42082095482053256,-0.30814943496144315,1.1470776952591393,7.0
2025-12-02,0.26074450557645645,0.8041670056446611,0.08519028579866621,0.7388564391323206,9.0
2025-12-03,-0.6112809453365956,0.5077617717189744,0.22254481212392715,1.072106119824927,7.0
2025-12-04,0.08124401291695875,0.17360201342956805,-0.2894916308604447,0.4987962540270237,4.0
2025-12-06,-0.6765060818605645,0.6812939129353697,0.700144596775235,0.5818523137270935,2.0
2025-12-07,-0.4008298580386864,0.3403481773125703,-0.8759745104797714,0.8798618538206154,4.0
2025-12-08,-0.3472203316309308,0.6725622472415951,-0.42937843549126004,0.7518490423906463,8.0
2025-12-09,0.7413229744374068,0.881840249214764,0.1122016085666567,0.8742029628576096,5.0
2025-12-10,0.09721129269382711,0.6477175114752538,0.08764072968037262,0.7375323244074976,5.0
2025-12-11,0.0835325047016229,0.2653190764861092,-0.5939459002770232,0.76551952709929,4.0
2025-12-12,-0.2987591557885817,1.555157637062488,0.9029767552049008,1.3115747023355064,5.0
2025-12-13,-0.5511453883323121,0.7891780396985524,0.4995659768525117,0.07971737712139967,2.0
2025-12-14,0.5622656278433752,1.1474341654158826,-0.5722222191434403,0.6637427487563883,5.0
2025-12-15,0.1366130032089402,0.8500714645913914,0.39090835487637465,0.9262362123395439,11.0
2025-12-16,-0.4566925390934422,0.8940872713992633,0.1353449918566853,1.2682405307333715,5.0
2025-12-17,-0.4647912578530572,0.27513972117265745,-0.14298838733482855,1.3369541416777553,2.0
2025-12-18,-0.31868481077425015,1.5546674669807936,0.33961823021199056,1.2716083929266668,8.0
2025-12-19,0.5326149257231225,1.1296817852040024,0.14486113398014666,0.8860495713874038,7.0
2025-12-20,-0.05679254417778947,1.219406891381484,0.44910340236948854,1.103369902272963,5.0
2025-12-21,-0.12496634679711954,1.238399415906678,0.5768364527154659,0.9986923804939514,4.0
2025-12-22,-0.006258609950734506,0.7287295656574849,-0.08657616331551857,0.5129007283684842,5.0
2025-12-23,1.1524546904272799,1.9635729737690826,-0.03785598137023292,1.2349200131321174,3.0
2025-12-24,1.018654530043648,1.4778211731353654,1.6268954009609997,0.23286575169640505,4.0
2025-12-25,-0.08967392566617696,0.7540602467545099,-0.24573940766589855,1.1537045173604923,8.0
2025-12-26,-0.31898814727106223,0.35454702744303324,-1.006956427049496,1.379711577932814,3.0
2025-12-27,-0.38210341164839606,0.0007969165264921096,0.2519253951322533,1.9632035712995153,2.0
2025-12-28,0.014064427965456741,0.9743617777010192,0.23859804218544386,0.4498387084189452,6.0
2025-12-29,0.6727358269260532,0.9901317548242322,0.14728486146198289,0.8909023898446274,5.0
2025-12-30,0.10900653818046803,1.3289817647700204,0.331457380441023,0.6845480252604932,4.0
2025-12-31,0.05380114343258541,0.5258861820437568,0.026301183374257065,0.8021233446561093,5.0
2026-01-02,0.7969325664040388,1.266029370455637,0.5544052862841252,0.3374286509819617,4.0
2026-01-03,0.006827569598017139,0.12447929670546974,0.03626246336922072,1.2561967608241562,5.0
2026-01-05,-0.12435255857323309,0.3694936671648783,0.485188151534051,0.9573993044381334,8.0
2026-01-06,0.14617313442157345,0.998537333224943,-0.2585918303995586,0.6305325116468404,7.0
2026-01-07,-0.14622055509656104,0.5553167334795387,-0.2509002387453972,0.8960617741156717,5.0
2026-01-08,-0.03479261888358857,0.5460587019659698,-0.4831900025921353,0.39037517902840857,4.0
2026-01-09,-0.6149467533527642,0.5503473600281901,-0.322977505656934,1.4776406084434779,2.0
2026-01-11,-0.661155963193093,1.9070257407604152,0.694350601919987,1.675666286300411,4.0
2026-01-12,-0.03918438639913489,0.8077069494367641,-0.3045324464263615,0.6742710823059523,7.0
2026-01-13,-0.2554774666609298,0.9108764643921344,-0.26587264196441185,1.4062367475418833,6.0
2026-01-14,0.5095800107333542,0.7155184812001537,-0.4949889697905843,1.027377306566679,9.0
2026-01-15,0.05623454480947847,0.7081799832067023,-0.6711140188792968,0.5845634580810956,5.0
2026-01-16,-0.23618579341610596,0.4885705050311909,0.09612078057373977,2.0007737321846517,5.0
2026-01-17,0.11004005128859663,1.3965749766091662,0.45869753469610314,0.4788626758601661,3.0
2026-01-18,-1.0106854233409739,1.0,-1.0061746643910197,1.0,1.0
2026-01-19,-0.37482036657031137,0.32885549294651867,-0.9827502899367084,1.1258916542715085,8.0
2026-01-20,0.7454367777963866,1.7569933948877174,0.6450264000198305,0.671546255519029,4.0
2026-01-21,-0.7551981224796438,0.1435185214909117,-0.3579265938716969,0.9941897041870743,4.0
2026-01-22,-0.38645915158237,0.9211622513641083,0.36291907850173033,0.9624731276090901,5.0
2026-01-23,-0.5567328796310617,1.134585079923176,-0.07263870908876525,0.5955312857167043,3.0
2026-01-24,0.06351251246654165,0.8191118131113599,0.3241635978967716,0.7117931644586893,7.0
2026-01-25,-0.32659489199604186,0.6037310475481267,-0.26291486911390377,0.9419690932800402,7.0
2026-01-26,-0.11040671237507711,1.1527472120448203,0.16552656663852724,0.9163513262212617,6.0
2026-01-27,0.3503882321562085,1.437682613800456,-0.13016052585109184,1.5379754995682684,8.0
2026-01-28,-0.03060317743788079,0.3192945750783287,0.1381985777206228,0.7597497554130375,5.0
2026-01-29,-0.44276827681030084,1.6090757263512536,0.8435547102820188,1.2550651061373246,5.0
2026-01-30,0.2728199601112284,0.8302463626729368,0.41746521471704945,1.2052285926426896,6.0
2026-01-31,0.5602082020064167,1.3584303758115368,-0.24886721221342573,0.7837420548710234,5.0
2026-02-01,-0.9350276706040925,0.09982710913345243,-1.4784944058120222,0.6026052528165565,2.0
2026-02-02,-1.0362951408253684,1.085148982550461,0.7821892618549411,1.2708165285235118,3.0
2026-02-03,0.024387576560178852,0.7803380201923414,-0.06170756846946022,1.1441993164608557,6.0
2026-02-04,-0.25722551826153195,1.2774455683054655,0.3124228615887567,1.1189457239476492,7.0
2026-02-05,0.49562879813366234,1.0009481316431577,-0.6567368970668567,1.1650321950300377,7.0
2026-02-06,0.22182170093466316,0.8591289826891415,-0.01789236807886224,0.7796206347662756,15.0
2026-02-07,0.42637109516570704,0.45169155049290893,0.3945721125749639,1.0300913032100247,4.0
2026-02-08,0.003564267006218147,1.4475339667512948,0.8483172762173794,0.3515559559985491,2.0
2026-02-09,0.047460816194876534,0.2009626662384409,-0.3298242731058306,1.1688382734022533,5.0
2026-02-10,0.15612172582560224,1.431728092926272,0.15739029535392457,0.39003100121992,8.0
2026-02-11,-0.3438784608104949,1.430182896503771,-0.19173632264563245,1.1751266186759592,9.0
2026-02-12,-0.29807190246838106,0.5289533134650485,-0.14720110670758707,0.8134169751009519,4.0
2026-02-13,0.07587638194316153,0.7911976974929221,0.12450998904049353,1.1576050464317342,11.0
2026-02-14,0.11127425981236716,1.224753188418809,0.3844884094838761,0.2905542726987675,3.0
2026-02-15,0.14928743132130187,0.7221842179343664,0.3086605272050634,0.8086289189302267,7.0
2026-02-16,0.3793625720522812,0.5812825686927523,0.5690535710607745,0.6449103786135609,4.0
2026-02-17,-0.033032802795891894,0.937963307306377,0.14312361333254792,0.7925091432890465,13.0
2026-02-18,0.6649134636716155,1.332817137850544,-0.9353680407917325,0.269306615954057,2.0
2026-02-19,0.6732702060914774,1.0385673213653128,0.6531457568843546,0.8802589773442353,7.0
2026-02-20,-0.6617127639786926,0.08578777437751237,0.14845093720487873,0.9115686558071544,2.0
2026-02-21,-1.1672994609697325,0.5137212896044053,-0.47720029984918283,0.42824567895391913,2.0
2026-02-22,0.15735384772277405,0.7723946695040408,0.28703432100468956,0.9367967627293797,3.0
2026-02-23,-0.2636810902511072,1.3034012317711106,0.3263557883873939,0.7952110985599571,5.0
2026-02-24,-0.04016858392452634,1.0,-0.7545690491990548,1.0,1.0
2026-02-25,0.038417803297863894,0.7642411101504115,0.8233659482265,0.011241334875598682,3.0
2026-02-26,-0.9578501661256871,0.6537001103797541,0.00686596577929639,1.2856585618535525,5.0
2026-02-27,0.25973969493577526,0.9348311607380513,0.13012634868135875,0.4995927195790346,4.0
2026-02-28,-1.626125998125568,1.0,-0.1328835576715677,1.0,1.0
2026-03-01,-0.14524429827416063,0.511721689541147,0.8567194519238621,0.3723472359612805,2.0
2026-03-02,-0.8633789590613772,1.0958742904553345,0.1678962243223511,0.9454206587471888,4.0
2026-03-03,0.30886814700624876,0.8815771150306964,0.3681202341054467,0.6898660283784495,4.0
2026-03-04,-0.023781027496249094,0.538905201181099,-0.550125209398969,0.7411329511578054,8.0
2026-03-05,-0.7071067811865474,1.0,0.7071067811865468,1.0,1.0
2026-03-08,0.9199047094089542,0.1370974208379955,0.6665047293315969,0.06760176294374674,2.0
2026-03-09,0.07682829374138564,1.0767039158220226,-0.2583782484208039,0.44975407706187276,5.0
2026-03-10,0.6908298111030158,1.0,0.8328244581578965,1.0,1.0
2026-03-11,-0.1579058487886411,1.2223830390323505,0.4471623227269439,1.1535463705922044,4.0
2026-03-12,0.40292892628306287,0.6979273440663538,1.1390309963292686,0.9801528571203493,4.0
2026-03-13,-0.2199386393651452,0.4222061098392278,-1.1311971369721954,0.5989640743554511,3.0
2026-03-14,-0.35426906020653054,1.1487372078204723,-0.04291505188759648,0.972856016752804,2.0
2026-03-15,-1.2346669016369247,1.0,0.3211312714655856,1.0,1.0
2026-03-16,0.5833671036711682,0.3878638328113531,0.050464956507461946,1.086230924137216,3.0
2026-03-17,0.2822009313819046,0.31990473068238234,0.08536213500815924,1.693651467743443,3.0
2026-03-18,-0.24773877745219522,1.05287294657909,0.02303376565164335,1.3331494917282207,3.0
2026-03-19,-0.0258312261399877,0.7353867699559172,0.06151037691941929,0.7259962387602117,4.0
2026-03-20,0.966813656085904,0.4009665369469973,0.02655960445184028,0.046506802823940326,2.0
2026-03-21,-0.5803803674115381,0.1792182130715243,-0.281366784752619,0.6020872770015365,2.0
2026-03-23,-0.29832164834995517,0.7521135201739068,0.2256717476696216,1.1429241858977455,5.0
2026-03-24,-0.10385593884687416,1.3903836547626824,0.32368338346913833,0.1883711281829718,2.0
2026-03-25,-0.3459754889951828,0.4598644284108652,0.1053135403855241,0.6392161070150206,5.0
2026-03-26,-0.5925933735382607,1.3657511870005294,-0.1714125202703106,0.2253875806314211,3.0
2026-03-27,0.15348587056620297,0.41598911006246114,0.17776722931879296,0.489670946012209,4.0
2026-03-28,-1.0873678964544897,1.0,0.11122043460972476,1.0,1.0
2026-03-29,-0.1772985474321269,0.7936598240264071,-0.43859514279008754,1.6464604394700701,3.0
2026-03-30,0.6079020815672899,1.0987744247511053,-0.13810619841440608,0.31626716843280683,3.0
2026-03-31,-0.35575134135525494,1.0,-0.5553964893131208,1.0,1.0
2026-04-01,0.3992898399318998,0.5085625082196918,0.636821156826404,0.09657911988203395,5.0
2026-04-02,0.0445784173928244,0.6234861612472833,0.574558013675316,1.1034056209902345,5.0
2026-04-03,-0.3400537161516892,0.5160526285634212,0.532697897468356,0.17869763317981302,3.0
2026-04-04,0.9491633039827383,1.0,1.5269701718712476,1.0,1.0
2026-04-05,0.16079545454545455,1.0,0.3193181818181819,1.0,1.0
2026-04-06,0.6986480682844803,0.2713089136844033,0.09048008547746977,0.869267777114699,3.0
2026-04-07,-0.3893926171382136,1.0,-2.1755965792972796,1.0,1.0
2026-04-08,0.09687379493585428,0.7707723175187917,0.1635954063581149,0.6675423789297471,7.0
2026-04-09,-0.7288109785214368,1.0107200698572207,-0.14587165480959144,0.47304556774721607,6.0
2026-04-10,-0.32281627225105936,1.0,-0.2757805105677568,1.0,1.0
2026-04-12,0.8886901121753323,0.25679760938523283,0.1758831267367959,1.2487363032237628,2.0
2026-04-13,-0.020777769228430675,0.9063873994779786,-0.10759304005295474,1.1974168412227209,5.0
2026-04-14,0.8240270493204493,1.1754517543567848,0.9976586675088502,0.9024589707854734,2.0
2026-04-15,-0.16455338210138445,1.183733976446101,-0.7512577917975408,0.3843534463251878,4.0
2026-04-16,-0.8399215018414963,0.18782837923302248,-0.35565034337977025,0.49703446092968057,2.0
2026-04-17,1.500155750928895,1.1215406086356376,0.8995480980089947,0.2721531202112422,2.0
2026-04-18,0.2986273202598044,1.4223228064065494,0.3530804518709,0.500668836355353,2.0
2026-04-19,0.5250320314001052,0.7126479141276038,0.343067035861257,0.9653397680063647,5.0
2026-04-20,0.0859687277820414,0.8839142960290004,-0.6677756678760514,1.0446765585755065,8.0
2026-04-21,0.7744426422138829,0.9484538006125833,0.20176461319862887,0.45165312397213403,2.0
2026-04-22,-0.06331282913274085,1.0180807372808116,0.26750978928571195,0.6904357608118884,7.0
2026-04-23,0.1570554995099662,0.6200935024857372,-0.1617009717291691,0.7781077349296105,7.0
2026-04-24,0.02517418605436439,1.0130767887930496,0.4736758032867104,0.9997550721562131,5.0
2026-04-25,0.07147582222614347,1.0,-0.4396508773686752,1.0,1.0
2026-04-26,-0.5150974783655013,0.5847089753888339,0.01038501663071359,0.4681875346971786,6.0
2026-04-27,0.5156789308261375,0.8192543775375608,0.5284406064686871,0.5181814195031316,6.0
2026-04-28,-0.17471154307833323,0.7235947144997027,-0.17306740405658141,0.8424687792040996,6.0
2026-04-29,0.11298804775739658,0.8439519569866829,0.44947284691098616,1.086045182507339,7.0
2026-04-30,-0.018212592269019414,0.5406382963452432,0.17422722813143218,0.7736257533332855,9.0
2026-05-01,0.30574758854316986,1.0736850067609809,0.21614213015382283,1.0580854986613135,10.0
2026-05-02,0.15808364962247443,0.7336912530638106,-0.40257066679705283,1.2588532812599982,6.0
2026-05-03,-0.11345570534566403,1.6697382077704446,0.060229350338413014,0.3540624777077146,3.0
2026-05-04,0.9149510696977483,1.7102159785577864,0.7204477575559401,0.2174872382614265,3.0
2026-05-05,0.16334985323832324,1.049804977183962,0.15962620534907387,0.793060951120727,9.0
2026-05-06,-0.4484029093153377,1.3274338014106073,0.10914152823134327,0.8969524153667445,7.0
2026-05-07,-0.5091879175565578,1.068242631042341,-0.9499725615286835,0.21446816781740852,3.0
2026-05-08,0.2495318574162659,0.06425054486212943,0.3039442318834604,0.6174811629493263,4.0
2026-05-09,1.2247216525604383,1.024911189996414,1.4963067913863126,0.9847265079510166,2.0
2026-05-10,-0.77317511604436,2.0934347351993248,0.9290545018220597,0.31388147666053684,2.0
2026-05-11,-0.12770051687695166,0.9855497182334283,0.004918189309039607,0.8738842713710046,12.0
2026-05-12,-0.3942874594888488,0.7471905450966264,0.06749306669801731,0.3811939580593551,6.0
2026-05-13,0.07003162434656285,0.5851111685158978,0.002048629890284156,0.6897952161689015,7.0
2026-05-14,-0.36822450599742207,0.16352784014505098,-0.8581193721357347,0.8890221421130476,2.0
2026-05-15,-0.21103890141166695,0.6222604275684872,0.23182216638875772,0.8299295480062671,4.0
2026-05-16,-0.26941514674777206,0.07719257500184237,-0.5489904002463103,1.6262504867805994,3.0
2026-05-17,-0.20729496549818263,0.4347756336515889,1.0794680247246742,0.32529416330093697,3.0
2026-05-18,0.24100711913361758,0.7934907949222547,-0.08598096871187089,0.7897609595380726,2.0
2026-05-19,0.8074144311510971,1.2175311386529406,0.952834917186882,0.4559712750462136,2.0
2026-05-20,0.40671888309473586,0.8622425015492079,-0.9521611880366031,0.7919571663091068,3.0
2026-05-21,-0.12391836496724333,0.619969979719338,-0.6325056753695273,0.6344974351691915,5.0
2026-05-22,0.29720661173694396,0.688847665883867,0.48145311360342735,0.5824768502272742,5.0
2026-05-23,0.05220905571835049,0.5414738780374595,-0.5084285590541374,1.315518171526094,4.0
2026-05-24,-0.03589743589743591,1.0,0.5692307692307692,1.0,1.0
2026-05-25,1.0458112120494278,0.7775478188410241,0.46908194902534,0.9477818405821168,5.0
2026-05-26,-0.48635738728591826,0.5072624837346645,-0.21491456128398495,0.8725094306680605,10.0
2026-05-27,-0.013882539349889988,1.072018753951784,0.47002756607454577,1.2091600062729824,10.0
2026-05-28,-0.07083463416525915,1.1987082731257963,0.03461169544266372,1.1586509893477763,8.0
2026-05-29,0.5677023921761384,0.4934475736236776,-0.2432753591157517,0.6403121589688834,3.0
2026-05-30,-0.7948699211093296,1.0,-0.6633229912837856,1.0,1.0
2026-05-31,-0.17272659620979045,1.1509706842410365,0.25017706939373907,0.5620375783152187,3.0
2026-06-01,0.038701140394904986,0.9215842995683453,0.10570823869009362,1.0167044394436582,9.0
2026-06-02,-0.6009986292063552,0.686848409693605,0.7963972372457354,0.4694687042018289,4.0
2026-06-03,0.4593582843417381,0.6247872745281887,0.40628397916908604,0.8695692622015176,4.0
2026-06-04,0.13057353819847278,0.4135739992939632,-0.8013797391759302,0.8495437998619831,7.0
2026-06-05,0.3672612420537907,1.232076783541733,-0.21753286478062228,0.8106605199777358,6.0
2026-06-06,0.07492368689096404,0.6379848176801706,-0.3608501660145494,1.0601815934279442,4.0
2026-06-07,-0.01310978771592824,1.1238929756007447,0.4022708203722797,0.5476256271024847,5.0
2026-06-08,-0.30564741155722214,0.5795330788200959,-0.22535830441483876,0.2956697615223963,5.0
2026-06-09,0.2897449951274865,1.4242659930818555,-0.09340274199456022,1.150477925702772,5.0
2026-06-10,0.05663726362777872,0.257938766550187,0.27158498667933373,0.7493366781532437,4.0
2026-06-11,-0.025380560947558903,0.6810588035979893,0.017884037398994197,1.0762255956766131,9.0
2026-06-12,-0.06338152954990663,0.48713813145885027,-0.288521932718436,0.6359069677094994,6.0
2026-06-13,0.3471923932969955,0.9094946741229769,-0.2789139610182708,0.3704518201143381,4.0
2026-06-14,0.6595876108364089,1.9327977448181164,0.961530978012394,0.35981014974699366,2.0
2026-06-15,0.0876331559637155,0.8772321857999744,0.8137608707803279,1.192310099153583,8.0
2026-06-16,0.4248304868697248,0.9194555804258627,0.07631776271840196,1.146280532471881,9.0
2026-06-17,-0.03437026406346915,0.6325615054787923,-0.4268888135682785,0.6477155329985298,9.0
2026-06-18,-0.25835162445928145,0.3411599970904916,0.02858590672110417,0.7457630901167548,8.0
2026-06-19,-0.5429059739517534,0.6134053568368146,-0.566775962503786,0.9497977782627809,4.0
2026-06-20,0.8345653259615242,0.031745312003970495,0.8101640023491329,0.14671027001760426,2.0
2026-06-21,0.9360726229217712,0.9018010494142902,0.8089109749978038,0.25328486827584573,2.0
2026-06-22,-0.2350601984419269,0.7666289806663011,0.03694207546633541,0.37455908160103835,6.0
2026-06-23,0.1762847398539661,0.6064568110995325,0.36609000665538177,0.7871731916800306,12.0
2026-06-24,0.0071908520889210625,0.5025852432486584,-0.12053050653749514,0.8858017891216022,8.0
2026-06-25,-0.07417420246897037,0.6269508415949163,-0.06843147023608048,0.9255242786253619,9.0
2026-06-26,0.22220802957876892,0.771266167469178,-0.048540343312576714,0.7175915868806675,9.0
2026-06-27,-0.6164490596690599,1.8856386574537976,0.38507251067076176,0.6608296125507421,4.0
2026-06-28,-0.06914659972082705,0.39337703667941787,0.022985018512591993,0.7921341967156847,8.0
2026-06-29,0.39546468640050375,0.8118661672224756,-0.2027287489492442,0.9208463816763969,4.0
2026-06-30,-0.23411348976536045,0.7583491481088471,-0.0673182777710963,1.4842413820672369,5.0
2026-07-01,-0.4338236248933297,0.8043508479719589,-0.04796561726986253,0.8710048409582035,14.0
2026-07-02,0.07068000161403958,0.8828667385971634,0.14469088988940332,1.0458065292335217,14.0
2026-07-03,-0.2402607702698981,0.7923772489651592,-0.004713954082844178,0.9022221085094757,6.0
2026-07-04,0.8170184873057049,0.8397073623851316,0.8433374347640994,0.8479331510879828,4.0
2026-07-05,0.1787498015651362,1.0068074399138052,-0.021017109189882206,0.753559731967977,8.0
2026-07-06,0.28174455901312245,1.3606713127610055,-0.001928159792430914,0.8490934985546467,11.0
2026-07-07,-0.19663713003732908,1.1190642628133574,-0.0745340917141021,0.7447430191452468,14.0
2026-07-08,-0.4523161473717803,0.9790828903019619,-0.21942116192999006,0.8588635993736995,8.0
2026-07-09,-0.0946479349849142,0.6509026488988404,-0.10496281601591977,0.7058123514934134,17.0
2026-07-10,-0.2608741597185794,0.6111803507805436,0.03250963742506614,0.7110425304004834,8.0
2026-07-11,1.3203619090640195,0.8819603448661892,-0.2783553690219074,0.5475132336370898,2.0
2026-07-12,0.19245632376496696,0.9936199953300363,0.04120005434595009,0.9505933214470568,5.0
2026-07-13,0.7301477304253405,1.1793462133376236,0.314664286687455,0.7882360450712894,8.0
2026-07-14,0.6379328795411568,0.9093501071152542,0.01675522019618053,1.6855101149777625,8.0
2026-07-15,-0.6146462355942632,1.032761419414574,0.5558505820328997,0.958158525501866,6.0
2026-07-16,-0.12132106407566724,0.9419641943236674,0.1532555768696755,0.9908065748376083,7.0
2026-07-17,0.09336674922090038,0.4922455207830774,0.27722596587847215,0.8899329017638595,10.0
2026-07-18,0.07657981550673576,0.8435553656650577,0.03616844890974578,0.694170945347666,5.0
2026-07-19,0.4724279826114138,0.6329233563916733,0.6913048903206871,0.9254163086243516,3.0
2026-07-20,0.04437590981480592,0.4877284261093477,0.3805920141103351,0.6141937752856297,7.0
2026-07-21,-0.8556438010423256,0.6569150241366828,0.3713495164829587,0.5036476612284115,7.0
2026-07-22,-0.22211058045364468,0.7548236940362951,0.03587935112786285,0.9986285766065641,8.0
2026-07-23,-0.36837675793068314,0.985044745258875,-0.3742394060454206,0.8429153980199724,11.0
2026-07-24,0.2918299509212607,0.6189335740534301,-0.32889463554406667,1.4656798140509244,6.0
2026-07-25,0.057171536834771976,1.3804866338579351,0.1341596403666458,0.9602123422628636,7.0
2026-07-26,0.25646593540978535,0.9884876887907954,0.03488354708230812,0.7004193000160981,9.0
2026-07-27,-0.18088934199043127,0.781385287549361,-0.06693523462508726,1.2574975525557046,6.0
2026-07-28,0.045302671953388385,0.9004014946940084,0.4687807687604598,0.794027813755857,8.0
2026-07-29,0.1817140289806822,0.8642641254858134,0.31055019482605745,1.2993162263613813,3.0
2026-07-30,-0.14009488694075206,1.3421959014938967,0.7277671775510873,1.077601108665015,7.0
2026-07-31,-0.48576588375270585,0.7863647917971661,0.2893590075884293,0.6179955110022267,6.0
2026-08-01,0.10392807249061861,0.3724161071100336,-0.18341989229170436,0.5354699802763019,8.0
2026-08-02,-0.6254300463865222,0.9308287314759953,0.028314964790988235,1.137884207818976,8.0
2026-08-03,0.4955929678879289,1.0213709738577395,-0.060874884186984744,0.7554389837639234,12.0
2026-08-04,0.6186697408697912,0.6668024379921802,0.31898775902997767,2.018305167670113,2.0
2026-08-05,0.36766437162593424,0.5514854893426006,-0.8694068525000831,1.2852401817873293,6.0
2026-08-06,0.1562481704365053,0.9865280003799873,-0.5219231664958672,0.5372225059181676,4.0
2026-08-07,-0.23566379588515313,1.5705178529985495,0.2962719262411057,0.5785232158552798,5.0
2026-08-08,0.18677520570368608,1.0103726378543234,0.44010065553688427,0.25582072620947904,6.0
2026-08-09,0.006388817229056887,0.8480270248342006,0.36356186355776937,0.3077271048181508,5.0
2026-08-10,-0.03428442040675976,0.6462281503669298,0.0133196116780033,0.9276833954746132,11.0
2026-08-11,-0.05501913002766866,0.8793137286686666,0.130448601008819,1.0938868271217423,7.0
2026-08-12,0.772583604676188,0.9146337923339941,0.3005102838542895,0.8065263982500095,10.0
2026-08-13,1.115847649096412,0.5156353369002724,1.6334735236676157,0.5859247263831823,3.0
2026-08-14,0.2369069480990366,0.7259246045915319,-0.4082634598629668,0.8640187985580926,7.0
2026-08-15,-0.03857876759910004,0.39305902603690385,-0.6774876397428231,0.7294075107024202,5.0
2026-08-16,-0.8343448825571743,0.7560011626768094,-0.3107936260721237,0.6084193504912621,5.0
2026-08-17,0.26733575888084,0.4026322034343793,0.08437375731747088,1.9789356629695545,2.0
2026-08-18,0.024025270675305348,1.1325291600327394,0.01180609101538046,0.6175770937245957,5.0
2026-08-19,0.37475302837773433,1.2046822024781152,-0.34053691809012854,0.340973948749431,3.0
2026-08-20,-0.03815454447710387,0.34241767155004377,0.4346177631120305,0.5115168064457855,3.0
2026-08-21,-0.6828419052511037,1.5595725587538172,-0.3583927695372774,1.151688504166758,5.0
2026-08-22,1.1370245568508672,1.094188925251972,0.22888396740700856,1.3934041588416868,3.0
2026-08-23,0.4026575433369419,1.0,0.26329792089221776,1.0,1.0
2026-08-24,0.10754952123633021,0.6978100798913137,-0.51924258712054,0.7477320988783083,3.0
2026-08-26,-0.3657137795374049,1.0,-0.3012908975340234,1.0,1.0
2026-08-27,0.3798823176502501,1.4962519789084094,0.04837514455849928,0.9872772816882477,3.0
2026-08-28,0.2859934769772047,0.9551401741362161,0.6435213492529225,0.5017300972748365,2.0
2026-08-29,-0.5075419655600575,1.4473003117568093,-0.4948351686785744,1.148450449613962,6.0
2026-08-30,-0.26402994737755303,1.2142608562711565,-0.359379414924615,0.7744566031746762,3.0
2026-09-05,-0.3113519971950312,1.1062168511700308,-0.02597998261971542,0.619559319488272,3.0
2026-09-06,-0.18213188030588912,0.6897977431652158,-1.1010854703080657,0.6117071813314785,3.0
2026-09-07,1.0352191822470092,1.7222060079421266,0.9099749612701197,1.408903324911053,3.0
2026-09-08,0.2622095891048154,0.6291796429036938,-0.12147497074950939,0.8282084488771688,2.0
2026-09-09,0.18598630033883157,1.0,-0.6456112111022221,1.0,1.0
